{
  "info": {
    "name": "ProjetoAgendamento API (Auto Token)",
    "_postman_id": "b3c3f6d2-9f8d-4c2c-9d7e-9b0a1d2c3e4f",
    "description": "Collection com login que salva token automaticamente e requests protegidos usando {{token}}.",
    "schema": "https://schema.getpostman.com/json/collection/v2.1.0/collection.json"
  },
  "event": [
    {
      "listen": "prerequest",
      "script": {
        "type": "text/javascript",
        "exec": [
          "const token = pm.environment.get('token');",
          "if (token) {",
          "  pm.request.headers.upsert({ key: 'Authorization', value: `Bearer ${token}` });",
          "}",
          "pm.request.headers.upsert({ key: 'Accept', value: 'application/json' });",
          "// Só define Content-Type em requests com body (POST/PUT/PATCH)",
          "if (['POST','PUT','PATCH'].includes(pm.request.method)) {",
          "  pm.request.headers.upsert({ key: 'Content-Type', value: 'application/json' });",
          "}"
        ]
      }
    }
  ],
  "item": [
    {
      "name": "Auth",
      "item": [
        {
          "name": "Login (salva token)",
          "request": {
            "method": "POST",
            "header": [],
            "url": {
              "raw": "{{baseUrl}}/login",
              "host": [
                "{{baseUrl}}"
              ],
              "path": [
                "login"
              ]
            },
            "body": {
              "mode": "raw",
              "raw": "{\n  \"email\": \"{{email}}\",\n  \"senha\": \"{{senha}}\"\n}"
            },
            "description": "Faz login e salva automaticamente o token no environment (variável {{token}})."
          },
          "event": [
            {
              "listen": "test",
              "script": {
                "type": "text/javascript",
                "exec": [
                  "pm.test('Status 200', function () {",
                  "  pm.response.to.have.status(200);",
                  "});",
                  "let data = {};",
                  "try { data = pm.response.json(); } catch(e) {}",
                  "if (data && data.token) {",
                  "  pm.environment.set('token', data.token);",
                  "}",
                  "if (data && data.user && data.user.id) {",
                  "  pm.environment.set('userId', data.user.id);",
                  "}",
                  "console.log('Token set:', pm.environment.get('token') ? 'YES' : 'NO');"
                ]
              }
            }
          ]
        },
        {
          "name": "Logout",
          "request": {
            "method": "GET",
            "header": [],
            "url": {
              "raw": "{{baseUrl}}/logout",
              "host": [
                "{{baseUrl}}"
              ],
              "path": [
                "logout"
              ]
            }
          }
        }
      ]
    },
    {
      "name": "Tickets",
      "item": [
        {
          "name": "Listar tickets",
          "request": {
            "method": "GET",
            "header": [],
            "url": {
              "raw": "{{baseUrl}}/ticket",
              "host": [
                "{{baseUrl}}"
              ],
              "path": [
                "ticket"
              ]
            }
          }
        },
        {
          "name": "Aprovar ticket (admin)",
          "request": {
            "method": "PUT",
            "header": [],
            "url": {
              "raw": "{{baseUrl}}/ticket/{{ticketId}}/approve",
              "host": [
                "{{baseUrl}}"
              ],
              "path": [
                "ticket",
                "{{ticketId}}",
                "approve"
              ]
            },
            "body": {
              "mode": "raw",
              "raw": "{\n  \"admin_id\": {{adminId}},\n  \"assigned_to\": {{assignedTo}}\n}"
            }
          }
        },
        {
          "name": "Reprovar ticket (admin)",
          "request": {
            "method": "PUT",
            "header": [],
            "url": {
              "raw": "{{baseUrl}}/ticket/{{ticketId}}/reject",
              "host": [
                "{{baseUrl}}"
              ],
              "path": [
                "ticket",
                "{{ticketId}}",
                "reject"
              ]
            },
            "body": {
              "mode": "raw",
              "raw": "{\n  \"admin_id\": {{adminId}}\n}"
            }
          }
        }
      ]
    }
  ]
}